ppntID,base1,base2,fuel1,fuel2,fueltype1,fueltype2,choice_base,choice_fuel,choice_fueltype,questiontype,drawtime,responsetime
1,0.4943505875,0.6143505875,0.0323745315,0.9597887073,color,height,0.6143505875,0.9597887073,height,Which rocket has the best base?,1575340106869,1575340109164
1,0.2319185186,0.5319185186,0.773569878,0.4348940011,height,color,0.5319185186,0.4348940011,color,Which rocket has the best base?,1575340110685,1575340112485
1,0.4004099534,0.3704099534,0.3674042966,0.7901724134,height,color,0.4004099534,0.3674042966,height,Which rocket has the best base?,1575340114005,1575340115663
1,0.2361707704,0.5061707704,0.5810452293,0.9305250739,height,color,0.5061707704,0.9305250739,color,Which rocket has the best base?,1575340117175,1575340118947
1,0.3083188913,0.4583188913,0.3835077269,0.9662930183,height,color,0.4583188913,0.9662930183,color,Which rocket has the best base?,1575340120487,1575340121626
1,0.5887213409,0.6487213409,0.4434075259,0.2072144142,color,height,0.6487213409,0.2072144142,height,Which rocket has the best base?,1575340123131,1575340124154
1,0.9437591487,0.7337591487,0.9781261097,0.6217619877,color,height,0.9437591487,0.9781261097,color,Which rocket has the best base?,1575340125661,1575340127611
1,0.1745588402,0.4145588402,0.2127719813,0.30943582,color,color,0.4145588402,0.30943582,color,Which rocket has the best base?,1575340129115,1575340130732
1,0.1748380453,0.0848380453,0.4615000883,0.5578205832,height,height,0.1748380453,0.4615000883,height,Which rocket has the best base?,1575340132241,1575340134389
1,0.8404023572,0.6604023572,0.7613490355,0.7391112525,height,height,0.8404023572,0.7613490355,height,Which rocket has the best base?,1575340135894,1575340137080
1,0.2307080467,0.3021679142,0.1916111875,0.4016111875,height,color,0.3021679142,0.4016111875,color,Which rocket has the best fuel?,1575340140133,1575340143546
1,0.6420748322,0.8005999884,0.4839729914,0.7539729914,height,height,0.8005999884,0.7539729914,height,Which rocket has the best fuel?,1575340145052,1575340146239
1,0.75150333,0.0353693401,0.6384690126,0.7584690126,height,height,0.0353693401,0.7584690126,height,Which rocket has the best fuel?,1575340147744,1575340151511
1,0.8279901943,0.7471507481,0.4507196375,0.2107196375,height,height,0.8279901943,0.4507196375,height,Which rocket has the best fuel?,1575340153020,1575340155012
1,0.5663669836,0.8279671612,0.6453154519,0.7653154519,color,height,0.8279671612,0.7653154519,height,Which rocket has the best fuel?,1575340156518,1575340159655
1,0.8378762667,0.3481465227,0.3083820865,0.4883820865,height,height,0.3481465227,0.4883820865,height,Which rocket has the best fuel?,1575340161159,1575340162747
1,0.0241437599,0.2643204209,0.6659630251,0.6959630251,color,color,0.2643204209,0.6959630251,color,Which rocket has the best fuel?,1575340164252,1575340167791
1,0.8374490446,0.5298266884,0.4970709638,0.4070709638,height,color,0.5298266884,0.4070709638,color,Which rocket has the best fuel?,1575340169297,1575340171804
1,0.078673666,0.4816394388,0.4202426089,0.6002426089,color,color,0.4816394388,0.6002426089,color,Which rocket has the best fuel?,1575340173314,1575340174696
1,0.6276333909,0.718573815,0.4349035433,0.1649035433,color,color,0.6276333909,0.4349035433,color,Which rocket has the best fuel?,1575340176201,1575340177912
1,0.5396350586,0.2887870823,0.8675589248,0.6275589248,color,height,0.5396350586,0.8675589248,color,Which rocket has the best fuel?,1575340179422,1575340180433
1,0.5348994325,0.2578697122,0.8640874666,0.5640874666,color,height,0.5348994325,0.8640874666,color,Which rocket has the best fuel?,1575340181938,1575340183390
1,0.2262845413,0.1034850659,0.8695358755,0.9295358755,color,color,0.1034850659,0.9295358755,color,Which rocket has the best fuel?,1575340184899,1575340186784
1,0.3577178793,0.4292363884,0.6261351532,0.4161351532,height,height,0.3577178793,0.6261351532,height,Which rocket has the best fuel?,1575340188289,1575340189989
1,0.4152228211,0.2836199175,0.4449732565,0.5349732565,height,height,0.2836199175,0.5349732565,height,Which rocket has the best fuel?,1575340191490,1575340193375
1,0.1784023906,0.434382794,0.1536913281,0.2736913281,color,color,0.434382794,0.2736913281,color,Which rocket has the best fuel?,1575340194879,1575340196095
1,0.5434394128,0.919260386,0.7800641486,0.5700641486,color,color,0.5434394128,0.7800641486,color,Which rocket has the best fuel?,1575340197597,1575340199410
1,0.8544486954,0.5486702224,0.659437668,0.509437668,color,color,0.8544486954,0.659437668,color,Which rocket has the best fuel?,1575340200915,1575340202146
1,0.7899784235,0.3513750666,0.685997458,0.745997458,height,height,0.3513750666,0.745997458,height,Which rocket has the best fuel?,1575340203652,1575340206923
1,0.79593007,0.8653605754,0.0985934687,0.3685934687,color,height,0.8653605754,0.3685934687,height,Which rocket has the best fuel?,1575340208425,1575340211152
1,0.7784348274,0.2395028515,0.142086928,0.292086928,height,color,0.2395028515,0.292086928,color,Which rocket has the best fuel?,1575340212658,1575340214115
1,0.610935741,0.9149490022,0.0848386309,0.3848386309,height,height,0.9149490022,0.3848386309,height,Which rocket has the best fuel?,1575340215620,1575340216687
1,0.5847721935,0.2899230592,0.081537933,0.381537933,color,color,0.2899230592,0.381537933,color,Which rocket has the best fuel?,1575340218191,1575340219423
1,0.3890341824,0.5105872849,0.3078604514,0.3978604514,color,color,0.5105872849,0.3978604514,color,Which rocket has the best fuel?,1575340220927,1575340222474
1,0.3010975741,0.760987755,0.3152884719,0.1652884719,height,height,0.3010975741,0.3152884719,height,Which rocket has the best fuel?,1575340223981,1575340225859
1,0.9791159369,0.5556172859,0.7961836075,0.8261836075,color,height,0.9791159369,0.7961836075,color,Which rocket has the best fuel?,1575340227363,1575340228423
1,0.2055136983,0.3328231997,0.7157218637,0.6857218637,height,height,0.2055136983,0.7157218637,height,Which rocket has the best fuel?,1575340229929,1575340231573
1,0.2150062122,0.1391417375,0.7089176318,0.4689176318,color,color,0.2150062122,0.7089176318,color,Which rocket has the best fuel?,1575340233077,1575340234186
1,0.6931402267,0.1155598754,0.7256775012,0.7856775012,color,height,0.1155598754,0.7856775012,height,Which rocket has the best fuel?,1575340235691,1575340238358
1,0.2308887696,0.2470871921,0.6368636191,0.8168636191,color,height,0.2470871921,0.8168636191,height,Which rocket has the best fuel?,1575340239863,1575340242637
1,0.1157549272,0.6160357074,0.0766003203,0.5638618015,height,height,0.6160357074,0.5638618015,height,Which rocket has the best distance?,1575340246832,1575340251457
1,0.4510961177,0.2408022466,0.1831644809,0.9133998995,color,color,0.2408022466,0.9133998995,color,Which rocket has the best distance?,1575340252963,1575340257876
1,0.6464055629,0.7717371426,0.4698917222,0.2450195418,height,color,0.7717371426,0.2450195418,color,Which rocket has the best distance?,1575340259379,1575340265772
1,0.9114127567,0.3985461391,0.8063616226,0.857865928,color,color,0.3985461391,0.857865928,color,Which rocket has the best distance?,1575340267277,1575340268884
1,0.486581007,0.4161949737,0.2861050352,0.4157215803,height,height,0.4161949737,0.4157215803,height,Which rocket has the best distance?,1575340270389,1575340271462
1,0.2985919985,0.070233692,0.4048184773,0.9453145866,color,color,0.2985919985,0.4048184773,color,Which rocket has the best distance?,1575340272967,1575340290623
1,0.3236498226,0.1408587965,0.0445576182,0.29670806,color,height,0.1408587965,0.29670806,height,Which rocket has the best distance?,1575340292127,1575340295345
1,0.1334193626,0.1427844585,0.7412269447,0.8673121438,color,height,0.1334193626,0.7412269447,color,Which rocket has the best distance?,1575340296850,1575340298816
1,0.6296592654,0.0398553122,0.9193118572,0.2351115301,color,height,0.6296592654,0.9193118572,color,Which rocket has the best distance?,1575340300322,1575340301480
1,0.7792538584,0.2937483448,0.2043699727,0.2324044445,color,color,0.7792538584,0.2043699727,color,Which rocket has the best distance?,1575340302987,1575340305594
1,0.3064941309,0.7032441253,0.8914132367,0.3972239071,height,height,0.3064941309,0.8914132367,height,Which rocket has the best distance?,1575340307108,1575340308236
1,0.1437492883,0.1469461848,0.4346082282,0.2717518637,height,height,0.1437492883,0.4346082282,height,Which rocket has the best distance?,1575340309741,1575340312292
1,0.3363074608,0.0790325802,0.2147809617,0.4135763697,color,height,0.3363074608,0.2147809617,color,Which rocket has the best distance?,1575340313797,1575340316115
1,0.849633744,0.3489867361,0.5577478308,0.4289125477,height,height,0.849633744,0.5577478308,height,Which rocket has the best distance?,1575340317620,1575340319191
1,0.4549819108,0.6950564725,0.1259217658,0.7700441923,color,height,0.6950564725,0.7700441923,height,Which rocket has the best distance?,1575340320701,1575340322669
1,0.3264173844,0.4709758501,0.5245819469,0.8897173657,height,height,0.4709758501,0.8897173657,height,Which rocket has the best distance?,1575340324173,1575340325153
1,0.4374667731,0.4989051081,0.2006535977,0.4422034238,height,color,0.4989051081,0.4422034238,color,Which rocket has the best distance?,1575340326655,1575340329161
1,0.2547740869,0.3812843427,0.9239289632,0.763855747,color,color,0.2547740869,0.9239289632,color,Which rocket has the best distance?,1575340330666,1575340332646
1,0.6246238252,0.9625838741,0.2057569832,0.6284738833,color,color,0.9625838741,0.6284738833,color,Which rocket has the best distance?,1575340334151,1575340338273
1,0.8099043482,0.8025084888,0.8021166445,0.1375249779,color,color,0.8099043482,0.8021166445,color,Which rocket has the best distance?,1575340339778,1575340341551
1,0.7855037414,0.8929240371,0.2494103926,0.582563566,height,height,0.8929240371,0.582563566,height,Which rocket has the best distance?,1575340343056,1575340344614
1,0.9841751609,0.9020408159,0.7416193299,0.51222548,color,color,0.9841751609,0.7416193299,color,Which rocket has the best distance?,1575340346119,1575340347692
1,0.3178367659,0.3408063606,0.5303870422,0.9412928998,height,height,0.3408063606,0.9412928998,height,Which rocket has the best distance?,1575340349196,1575340350890
1,0.1660775401,0.9985338661,0.7059814574,0.9712784429,color,height,0.9985338661,0.9712784429,height,Which rocket has the best distance?,1575340352395,1575340354161
1,0.3170371202,0.8459811175,0.00488407,0.4448793091,color,color,0.8459811175,0.4448793091,color,Which rocket has the best distance?,1575340355667,1575340365081
1,0.6901379179,0.7043898651,0.8842443175,0.4444471762,height,color,0.7043898651,0.4444471762,color,Which rocket has the best distance?,1575340366588,1575340367709
1,0.9528785687,0.0674892919,0.4724774436,0.8284881558,height,color,0.9528785687,0.4724774436,height,Which rocket has the best distance?,1575340369217,1575340371100
1,0.9835408101,0.3080744971,0.8945260059,0.522675944,height,height,0.9835408101,0.8945260059,height,Which rocket has the best distance?,1575340372603,1575340380077
1,0.6471574175,0.8448275954,0.9607075883,0.9819521509,height,height,0.8448275954,0.9819521509,height,Which rocket has the best distance?,1575340381597,1575340384925
1,0.6886768134,0.8741342865,0.7345527447,0.3915690726,color,color,0.6886768134,0.7345527447,color,Which rocket has the best distance?,1575340386429,1575340388711
2,0.6603324624,0.3903324624,0.7716812819,0.0141739301,height,height,0.6603324624,0.7716812819,height,Which rocket has the best base?,1575341221868,1575341223584
2,0.8498918056,0.9098918056,0.2457594813,0.0793769362,color,color,0.8498918056,0.2457594813,color,Which rocket has the best base?,1575341225101,1575341225225
2,0.7339184636,0.8539184636,0.6049147908,0.348761142,color,height,0.7339184636,0.6049147908,color,Which rocket has the best base?,1575341226732,1575341226860
2,0.6003016366,0.6903016366,0.2314076554,0.2533687298,height,height,0.6003016366,0.2314076554,height,Which rocket has the best base?,1575341228365,1575341228481
2,0.3319307173,0.6319307173,0.6088638665,0.2320373129,height,color,0.3319307173,0.6088638665,height,Which rocket has the best base?,1575341229986,1575341230166
2,0.6820817689,0.7120817689,0.783463154,0.8622017127,height,height,0.6820817689,0.783463154,height,Which rocket has the best base?,1575341231673,1575341231800
2,0.0886541909,0.2986541909,0.4865945336,0.9231281563,height,color,0.0886541909,0.4865945336,height,Which rocket has the best base?,1575341233305,1575341234436
2,0.1572542664,0.3072542664,0.6183150753,0.9764483123,height,color,0.1572542664,0.6183150753,height,Which rocket has the best base?,1575341235957,1575341237286
2,0.5606484745,0.3206484745,0.572108491,0.8316675588,color,color,0.5606484745,0.572108491,color,Which rocket has the best base?,1575341238790,1575341239791
2,0.9720282319,0.7920282319,0.1652584498,0.7676828539,height,height,0.9720282319,0.1652584498,height,Which rocket has the best base?,1575341241299,1575341241442
2,0.1312242274,0.3160719274,0.6434427219,0.7334427219,color,color,0.3160719274,0.7334427219,color,Which rocket has the best fuel?,1575341245799,1575341248203
2,0.9469552198,0.2381527254,0.588686825,0.828686825,height,height,0.2381527254,0.828686825,height,Which rocket has the best fuel?,1575341249708,1575341249786
2,0.8563038926,0.0883483124,0.6247910966,0.9247910966,height,height,0.0883483124,0.9247910966,height,Which rocket has the best fuel?,1575341251291,1575341251385
2,0.7010754844,0.6998559153,0.1583318995,0.4283318995,color,height,0.6998559153,0.4283318995,height,Which rocket has the best fuel?,1575341252890,1575341253027
2,0.9404198579,0.4802165563,0.3449255771,0.2249255771,height,height,0.4802165563,0.2249255771,height,Which rocket has the best fuel?,1575341254532,1575341254641
2,0.526236765,0.7056704046,0.2347003067,0.2647003067,color,color,0.7056704046,0.2647003067,color,Which rocket has the best fuel?,1575341256147,1575341256184
2,0.1628007779,0.9222100663,0.1418516252,0.4118516252,color,color,0.9222100663,0.4118516252,color,Which rocket has the best fuel?,1575341257687,1575341257712
2,0.7956453287,0.3520002273,0.895019412,0.835019412,height,height,0.3520002273,0.835019412,height,Which rocket has the best fuel?,1575341259217,1575341259318
2,0.477758639,0.1291085267,0.5306659875,0.2606659875,height,height,0.1291085267,0.2606659875,height,Which rocket has the best fuel?,1575341260823,1575341261009
2,0.4383487289,0.9352939766,0.6627827657,0.7827827657,height,color,0.9352939766,0.7827827657,color,Which rocket has the best fuel?,1575341262514,1575341262709
2,0.6422500552,0.8241850679,0.2734540893,0.4534540893,height,color,0.8241850679,0.4534540893,color,Which rocket has the best fuel?,1575341264214,1575341264386
2,0.1586707127,0.6452350787,0.7472160213,0.9272160213,color,color,0.6452350787,0.9272160213,color,Which rocket has the best fuel?,1575341265890,1575341265894
2,0.9678563955,0.9498654068,0.6744037151,0.5244037151,height,color,0.9498654068,0.5244037151,color,Which rocket has the best fuel?,1575341267398,1575341267507
2,0.9737181187,0.826770135,0.9599572799,0.6599572799,height,color,0.826770135,0.6599572799,color,Which rocket has the best fuel?,1575341269011,1575341269013
2,0.3277312105,0.9635812778,0.7744225779,0.8044225779,height,color,0.9635812778,0.8044225779,color,Which rocket has the best fuel?,1575341270518,1575341270708
2,0.4249753894,0.3488803899,0.4420678072,0.2320678072,color,color,0.3488803899,0.2320678072,color,Which rocket has the best fuel?,1575341272214,1575341272554
2,0.1469291476,0.8418558986,0.120932932,0.000932932,color,color,0.8418558986,0.000932932,color,Which rocket has the best fuel?,1575341274060,1575341274267
2,0.0563363929,0.2165599334,0.6093522684,0.7893522684,height,height,0.2165599334,0.7893522684,height,Which rocket has the best fuel?,1575341275771,1575341275897
2,0.0915238279,0.911994921,0.5784219508,0.3684219508,color,height,0.911994921,0.3684219508,height,Which rocket has the best fuel?,1575341277404,1575341277417
2,0.6436151289,0.1448690674,0.8553587523,0.9453587523,height,color,0.1448690674,0.9453587523,color,Which rocket has the best fuel?,1575341278922,1575341279145
2,0.0240225673,0.9728759729,0.8057224512,0.7457224512,color,height,0.9728759729,0.7457224512,height,Which rocket has the best fuel?,1575341280649,1575341280794
2,0.4255471454,0.7494779867,0.4168684374,0.6268684374,height,height,0.7494779867,0.6268684374,height,Which rocket has the best fuel?,1575341282299,1575341282387
2,0.5492277484,0.2160906133,0.0366635003,0.3366635003,color,color,0.2160906133,0.3366635003,color,Which rocket has the best fuel?,1575341283892,1575341284164
2,0.3975664931,0.5686865513,0.6326290149,0.6026290149,height,height,0.5686865513,0.6026290149,height,Which rocket has the best fuel?,1575341285670,1575341285878
2,0.5999711926,0.8443086106,0.4649198709,0.2249198709,color,height,0.8443086106,0.2249198709,height,Which rocket has the best fuel?,1575341287382,1575341287462
2,0.0965715836,0.3117851642,0.7521150649,0.9021150649,height,height,0.3117851642,0.9021150649,height,Which rocket has the best fuel?,1575341288967,1575341289106
2,0.2677601097,0.8061177666,0.2595142244,0.1695142244,height,height,0.8061177666,0.1695142244,height,Which rocket has the best fuel?,1575341290619,1575341290654
2,0.5156673034,0.1013454845,0.8507815004,0.7007815004,color,color,0.1013454845,0.7007815004,color,Which rocket has the best fuel?,1575341292161,1575341292203
2,0.6200249123,0.365151892,0.5124817639,0.4524817639,color,color,0.365151892,0.4524817639,color,Which rocket has the best fuel?,1575341293709,1575341293852
2,0.194175531,0.9648330558,0.6328743691,0.8728743691,color,color,0.9648330558,0.8728743691,color,Which rocket has the best fuel?,1575341295357,1575341295638
2,0.8644989013,0.9193213608,0.313826783,0.405125957,height,height,0.9193213608,0.405125957,height,Which rocket has the best distance?,1575341299044,1575341300380
2,0.6111056294,0.4201310091,0.3969608073,0.5809003039,height,color,0.4201310091,0.5809003039,color,Which rocket has the best distance?,1575341301886,1575341302502
2,0.5668627678,0.8685220263,0.1602474709,0.6177200257,height,color,0.8685220263,0.6177200257,color,Which rocket has the best distance?,1575341304003,1575341304227
2,0.9499954636,0.5961600867,0.8751052385,0.7089464904,color,color,0.5961600867,0.7089464904,color,Which rocket has the best distance?,1575341305732,1575341305762
2,0.3661046403,0.9533891129,0.9732896614,0.4903844195,color,height,0.9533891129,0.4903844195,height,Which rocket has the best distance?,1575341307268,1575341307481
2,0.6688355632,0.1311545626,0.8186562319,0.7785201243,color,color,0.1311545626,0.7785201243,color,Which rocket has the best distance?,1575341308988,1575341309045
2,0.0324028761,0.03086288,0.0359972267,0.5680870647,height,height,0.03086288,0.5680870647,height,Which rocket has the best distance?,1575341310549,1575341310758
2,0.9821526852,0.1830749009,0.6291054127,0.2744220626,color,color,0.1830749009,0.2744220626,color,Which rocket has the best distance?,1575341312262,1575341312486
2,0.7837609167,0.8739588044,0.2624319152,0.7751031285,height,height,0.8739588044,0.7751031285,height,Which rocket has the best distance?,1575341313990,1575341314000
2,0.4692414103,0.7910079959,0.5513241755,0.1443539108,height,height,0.7910079959,0.1443539108,height,Which rocket has the best distance?,1575341315504,1575341315521
2,0.6715046979,0.7490379346,0.7760905239,0.5316576833,height,height,0.7490379346,0.5316576833,height,Which rocket has the best distance?,1575341317037,1575341317942
2,0.7094927239,0.5846058817,0.4645539135,0.3108102249,color,color,0.5846058817,0.3108102249,color,Which rocket has the best distance?,1575341319447,1575341320748
2,0.6928950541,0.2323542328,0.546325983,0.0993716883,color,height,0.6928950541,0.546325983,color,Which rocket has the best distance?,1575341322254,1575341323346
2,0.5717173299,0.2441604137,0.2421657946,0.9352758921,color,height,0.5717173299,0.2421657946,color,Which rocket has the best distance?,1575341324851,1575341325452
2,0.0377318824,0.0954104151,0.9125046094,0.5256134787,color,height,0.0377318824,0.9125046094,color,Which rocket has the best distance?,1575341326954,1575341327414
2,0.5676916869,0.2823785423,0.9426773819,0.2463478293,height,height,0.5676916869,0.9426773819,height,Which rocket has the best distance?,1575341328918,1575341328943
2,0.3118675719,0.9634769009,0.4671628971,0.9207177023,color,color,0.3118675719,0.4671628971,color,Which rocket has the best distance?,1575341330448,1575341330506
2,0.3759416132,0.8495517199,0.7732632666,0.8902151911,height,color,0.8495517199,0.8902151911,color,Which rocket has the best distance?,1575341332015,1575341334634
2,0.2909485746,0.0984138413,0.8479370174,0.9979827039,color,color,0.0984138413,0.9979827039,color,Which rocket has the best distance?,1575341336138,1575341337189
2,0.9374271078,0.9444253575,0.590421614,0.12260657,color,color,0.9444253575,0.12260657,color,Which rocket has the best distance?,1575341338695,1575341339317
2,0.3544221346,0.8916479107,0.1930568979,0.4490364907,color,color,0.8916479107,0.4490364907,color,Which rocket has the best distance?,1575341340822,1575341341818
2,0.6544162944,0.8172706732,0.1151792906,0.2187719955,color,color,0.8172706732,0.2187719955,color,Which rocket has the best distance?,1575341343322,1575341344139
2,0.4863989662,0.8833677413,0.8624630168,0.0909880053,color,height,0.4863989662,0.8624630168,color,Which rocket has the best distance?,1575341345644,1575341347385
2,0.0102958214,0.3700242818,0.7502350906,0.5467054606,color,color,0.3700242818,0.5467054606,color,Which rocket has the best distance?,1575341348890,1575341350448
2,0.7923406427,0.2512979012,0.6829358271,0.1217512466,height,color,0.2512979012,0.1217512466,color,Which rocket has the best distance?,1575341351953,1575341352669
2,0.8874713703,0.4201032354,0.1380457039,0.8289876079,height,height,0.4201032354,0.8289876079,height,Which rocket has the best distance?,1575341354173,1575341354783
2,0.4860017478,0.5771720708,0.7887958301,0.3458525623,height,height,0.5771720708,0.3458525623,height,Which rocket has the best distance?,1575341356294,1575341356967
2,0.2014055771,0.5695156008,0.1207913278,0.7407415587,height,height,0.5695156008,0.7407415587,height,Which rocket has the best distance?,1575341358472,1575341359451
2,0.0378969466,0.5689758699,0.2730503313,0.0652679637,height,height,0.0378969466,0.2730503313,height,Which rocket has the best distance?,1575341360956,1575341362842
2,0.8546052983,0.997121787,0.2327783348,0.9108485023,height,color,0.997121787,0.9108485023,color,Which rocket has the best distance?,1575341364348,1575341367163
3,0.7645488958,0.7345488958,0.0516640663,0.2031670015,color,height,0.7345488958,0.2031670015,height,Which rocket has the best base?,1575342179566,1575342182388
3,0.3226090591,0.5326090591,0.1627982106,0.9084746686,color,color,0.5326090591,0.9084746686,color,Which rocket has the best base?,1575342183892,1575342185399
3,0.1265692311,0.2465692311,0.2050638244,0.6108409993,color,color,0.2465692311,0.6108409993,color,Which rocket has the best base?,1575342186901,1575342188389
3,0.9736468323,0.8836468323,0.3575039718,0.7824326821,height,height,0.9736468323,0.3575039718,height,Which rocket has the best base?,1575342189892,1575342192620
3,0.1810115573,0.0310115573,0.2767040142,0.8991254336,color,height,0.1810115573,0.2767040142,color,Which rocket has the best base?,1575342194125,1575342195811
3,0.4430264775,0.1730264775,0.7144403029,0.9475295738,color,color,0.4430264775,0.7144403029,color,Which rocket has the best base?,1575342197316,1575342198430
3,0.3794531425,0.5594531425,0.3244044053,0.7386332343,color,color,0.5594531425,0.7386332343,color,Which rocket has the best base?,1575342199936,1575342201535
3,0.7076547227,0.9476547227,0.6626794385,0.7582041204,color,color,0.9476547227,0.7582041204,color,Which rocket has the best base?,1575342203041,1575342203996
3,0.0324091805,0.0924091805,0.3517244911,0.5588109971,color,color,0.0924091805,0.5588109971,color,Which rocket has the best base?,1575342205502,1575342209176
3,0.6443768668,0.9443768668,0.6572577336,0.1168456735,color,color,0.9443768668,0.1168456735,color,Which rocket has the best base?,1575342210681,1575342211695
3,0.1452641221,0.0565715797,0.3266688887,0.1466688887,height,color,0.1452641221,0.3266688887,height,Which rocket has the best fuel?,1575342214801,1575342216504
3,0.8686711393,0.2800027777,0.3773332627,0.4373332627,color,color,0.2800027777,0.4373332627,color,Which rocket has the best fuel?,1575342218006,1575342221262
3,0.6725899796,0.8759647306,0.7406747242,0.9506747242,height,height,0.8759647306,0.9506747242,height,Which rocket has the best fuel?,1575342222766,1575342224326
3,0.2221596949,0.5555384541,0.9561037194,0.7161037194,color,color,0.2221596949,0.9561037194,color,Which rocket has the best fuel?,1575342225831,1575342227422
3,0.8861876389,0.4374410718,0.9782540284,0.8882540284,height,height,0.8861876389,0.9782540284,height,Which rocket has the best fuel?,1575342228928,1575342230818
3,0.1446876893,0.8297533983,0.3326488315,0.4826488315,height,height,0.8297533983,0.4826488315,height,Which rocket has the best fuel?,1575342232329,1575342234094
3,0.8876445732,0.7867800436,0.7633563008,0.7933563008,height,height,0.7867800436,0.7933563008,height,Which rocket has the best fuel?,1575342235599,1575342237133
3,0.3911931986,0.9079838031,0.3361306862,0.1561306862,color,color,0.3911931986,0.3361306862,color,Which rocket has the best fuel?,1575342238638,1575342240994
3,0.7603182472,0.7915717446,0.5494675612,0.3094675612,height,color,0.7915717446,0.3094675612,color,Which rocket has the best fuel?,1575342242499,1575342243863
3,0.6611958018,0.8915796391,0.4673891257,0.6773891257,height,color,0.8915796391,0.6773891257,color,Which rocket has the best fuel?,1575342245368,1575342246788
3,0.8802529312,0.9555278573,0.5076776154,0.6276776154,color,color,0.9555278573,0.6276776154,color,Which rocket has the best fuel?,1575342248293,1575342249406
3,0.4230954161,0.5985462277,0.4621451205,0.7321451205,height,height,0.5985462277,0.7321451205,height,Which rocket has the best fuel?,1575342250910,1575342252281
3,0.6931228733,0.903428274,0.2719884993,0.0019884993,color,height,0.6931228733,0.2719884993,color,Which rocket has the best fuel?,1575342253787,1575342255756
3,0.9796493679,0.7611099356,0.5515991121,0.6715991121,color,height,0.9796493679,0.5515991121,color,Which rocket has the best fuel?,1575342257261,1575342259352
3,0.9544544595,0.963736483,0.192118005,0.252118005,color,height,0.963736483,0.252118005,height,Which rocket has the best fuel?,1575342260857,1575342262807
3,0.9393984682,0.1804624347,0.9517746719,0.6517746719,color,color,0.9393984682,0.9517746719,color,Which rocket has the best fuel?,1575342264312,1575342265867
3,0.2360662261,0.3042676912,0.1040578506,0.4040578506,height,color,0.3042676912,0.4040578506,color,Which rocket has the best fuel?,1575342267372,1575342269278
3,0.5563104423,0.0634138708,0.1846072421,0.2146072421,color,color,0.5563104423,0.1846072421,color,Which rocket has the best fuel?,1575342270783,1575342272725
3,0.7388420549,0.5283950886,0.6809077832,0.5909077832,color,height,0.7388420549,0.6809077832,color,Which rocket has the best fuel?,1575342274231,1575342275221
3,0.5310812013,0.9687327828,0.2232759263,0.0732759263,color,height,0.5310812013,0.2232759263,color,Which rocket has the best fuel?,1575342276726,1575342280030
3,0.4539118675,0.9285777248,0.3560418963,0.2660418963,color,color,0.4539118675,0.3560418963,color,Which rocket has the best fuel?,1575342281534,1575342283427
3,0.5138205181,0.3182824689,0.7730390109,0.5630390109,color,color,0.5138205181,0.7730390109,color,Which rocket has the best fuel?,1575342284932,1575342285924
3,0.1427463787,0.2163249776,0.2611993445,0.1111993445,color,color,0.1427463787,0.2611993445,color,Which rocket has the best fuel?,1575342287429,1575342289056
3,0.6213650201,0.1756614747,0.737558476,0.977558476,height,height,0.1756614747,0.977558476,height,Which rocket has the best fuel?,1575342290560,1575342299430
3,0.01422362,0.7590934742,0.0323663536,0.2123663536,height,height,0.7590934742,0.2123663536,height,Which rocket has the best fuel?,1575342300934,1575342302721
3,0.4870328342,0.5040600572,0.1641240585,0.4641240585,height,height,0.5040600572,0.4641240585,height,Which rocket has the best fuel?,1575342304226,1575342305531
3,0.8990409864,0.6098677122,0.3049872193,0.5749872193,color,color,0.6098677122,0.5749872193,color,Which rocket has the best fuel?,1575342307036,1575342308848
3,0.791161946,0.3631444696,0.6195289236,0.6795289236,height,height,0.3631444696,0.6795289236,height,Which rocket has the best fuel?,1575342310353,1575342312379
3,0.0547759129,0.1000445203,0.6480544564,0.7680544564,height,height,0.1000445203,0.7680544564,height,Which rocket has the best fuel?,1575342313886,1575342315257
3,0.8938515751,0.5352530186,0.3839184943,0.3539184943,color,height,0.8938515751,0.3839184943,color,Which rocket has the best fuel?,1575342316762,1575342318567
3,0.2754149979,0.6472833663,0.4531910929,0.5609453605,height,height,0.6472833663,0.5609453605,height,Which rocket has the best distance?,1575342321827,1575342324490
3,0.3807640531,0.3316499774,0.328631809,0.4187415589,color,color,0.3316499774,0.4187415589,color,Which rocket has the best distance?,1575342326000,1575342327899
3,0.3240024317,0.6429153393,0.5842867594,0.6429605266,color,color,0.6429153393,0.6429605266,color,Which rocket has the best distance?,1575342329406,1575342330732
3,0.2846985329,0.9622567126,0.3417882713,0.8951138233,height,color,0.9622567126,0.8951138233,color,Which rocket has the best distance?,1575342332239,1575342333228
3,0.1974582029,0.3089623611,0.8057769099,0.3741876646,color,color,0.1974582029,0.8057769099,color,Which rocket has the best distance?,1575342334733,1575342353150
3,0.5118213079,0.3594213544,0.5565140945,0.2799065363,height,height,0.5118213079,0.5565140945,height,Which rocket has the best distance?,1575342354655,1575342355805
3,0.0635492577,0.6741420581,0.3774415257,0.791321126,color,height,0.6741420581,0.791321126,height,Which rocket has the best distance?,1575342357310,1575342456805
3,0.741258718,0.2327670978,0.2874530092,0.9330471743,height,height,0.2327670978,0.9330471743,height,Which rocket has the best distance?,1575342458310,1575342460445
3,0.6440531548,0.3810493104,0.7156575812,0.2498889351,height,height,0.6440531548,0.7156575812,height,Which rocket has the best distance?,1575342461950,1575342463580
3,0.760822968,0.7318422179,0.116483971,0.0090039807,height,color,0.760822968,0.116483971,height,Which rocket has the best distance?,1575342465098,1575342467232
3,0.7133996961,0.2347482272,0.934797039,0.2193802774,height,color,0.7133996961,0.934797039,height,Which rocket has the best distance?,1575342468737,1575342469808
3,0.373445735,0.2959273366,0.3589618172,0.4695939404,color,color,0.2959273366,0.4695939404,color,Which rocket has the best distance?,1575342471313,1575342473077
3,0.9530226342,0.7360243424,0.0177766629,0.7978237474,height,color,0.7360243424,0.7978237474,color,Which rocket has the best distance?,1575342474584,1575342475510
3,0.0021914313,0.7582385951,0.6387631621,0.6045630247,color,height,0.7582385951,0.6045630247,height,Which rocket has the best distance?,1575342477014,1575342479854
3,0.6626415322,0.1250510565,0.528609103,0.1707804167,color,color,0.6626415322,0.528609103,color,Which rocket has the best distance?,1575342481358,1575342483003
3,0.6085861786,0.4851801864,0.0197068954,0.0730175568,color,height,0.4851801864,0.0730175568,height,Which rocket has the best distance?,1575342484510,1575342486377
3,0.2381424316,0.9596856061,0.9412484914,0.5757846084,color,color,0.2381424316,0.9412484914,color,Which rocket has the best distance?,1575342487882,1575342489611
3,0.4997426857,0.0008935339,0.0093813479,0.442941104,height,height,0.0008935339,0.442941104,height,Which rocket has the best distance?,1575342491116,1575342494471
3,0.7796382709,0.2100208645,0.7214026223,0.2734840183,height,height,0.7796382709,0.7214026223,height,Which rocket has the best distance?,1575342495975,1575342497511
3,0.2377282781,0.9936027536,0.5910043811,0.4899935102,color,color,0.2377282781,0.5910043811,color,Which rocket has the best distance?,1575342499013,1575342500658
3,0.8917889471,0.3703145828,0.3742247714,0.907425657,color,height,0.3703145828,0.907425657,height,Which rocket has the best distance?,1575342502162,1575342504249
3,0.6786802895,0.0215323739,0.2513114488,0.0503009414,height,height,0.6786802895,0.2513114488,height,Which rocket has the best distance?,1575342505755,1575342507366
3,0.9137501677,0.3426799551,0.309704566,0.4315340262,color,color,0.3426799551,0.4315340262,color,Which rocket has the best distance?,1575342508871,1575342511619
3,0.9236510072,0.6377910648,0.4580987002,0.7416198145,height,height,0.6377910648,0.7416198145,height,Which rocket has the best distance?,1575342513123,1575342514246
3,0.456553466,0.179010843,0.3419872557,0.4916202277,color,color,0.179010843,0.4916202277,color,Which rocket has the best distance?,1575342515752,1575342517351
3,0.312539132,0.1673754285,0.4521986658,0.6305027616,height,height,0.1673754285,0.6305027616,height,Which rocket has the best distance?,1575342518865,1575342519883
3,0.6627493706,0.3010336017,0.2293789125,0.0217815146,height,color,0.6627493706,0.2293789125,height,Which rocket has the best distance?,1575342521390,1575342592905
3,0.2666570519,0.4916857197,0.1035722172,0.9789926579,color,color,0.4916857197,0.9789926579,color,Which rocket has the best distance?,1575342594409,1575342595911
3,0.463955319,0.9777832145,0.9669387906,0.5816407305,color,height,0.463955319,0.9669387906,color,Which rocket has the best distance?,1575342597418,1575342599645
3,0.8652901826,0.669334111,0.1601536445,0.0494552822,height,height,0.8652901826,0.1601536445,height,Which rocket has the best distance?,1575342601151,1575342602242
4,0.4145219117,0.5045219117,0.5743233799,0.5523270718,color,height,0.5045219117,0.5523270718,height,Which rocket has the best base?,1575575645469,1575575723283
4,0.0766844501,0.1366844501,0.0873833295,0.9824568704,color,height,0.1366844501,0.9824568704,height,Which rocket has the best base?,1575575724787,1575575727124
4,0.8484857848,0.6384857848,0.0715359831,0.108465499,color,color,0.8484857848,0.0715359831,color,Which rocket has the best base?,1575575728628,1575575730495
4,0.6246542314,0.3846542314,0.0873007292,0.589177735,height,height,0.6246542314,0.0873007292,height,Which rocket has the best base?,1575575731998,1575575733343
4,0.3007663035,0.4507663035,0.9450771592,0.2779220101,height,color,0.4507663035,0.2779220101,color,Which rocket has the best base?,1575575734845,1575575738505
4,0.389718725,0.119718725,0.1165115382,0.3630865417,color,color,0.389718725,0.1165115382,color,Which rocket has the best base?,1575575740009,1575575741704
4,0.6172017141,0.4372017141,0.4924576435,0.1725059555,height,height,0.6172017141,0.4924576435,height,Which rocket has the best base?,1575575743208,1575575744481
4,0.0940982242,0.0640982242,0.2508801065,0.9754676291,height,color,0.0940982242,0.2508801065,height,Which rocket has the best base?,1575575745984,1575575748393
4,0.2536417558,0.5536417558,0.9599066482,0.7757548153,height,height,0.5536417558,0.7757548153,height,Which rocket has the best base?,1575575749896,1575575751450
4,0.7741113383,0.8941113383,0.2682575033,0.4636466049,height,color,0.8941113383,0.4636466049,color,Which rocket has the best base?,1575575752953,1575575754170
4,0.4703550654,0.5840759238,0.1113857837,0.2613857837,color,color,0.5840759238,0.2613857837,color,Which rocket has the best fuel?,1575575757990,1575575767449
4,0.0415422083,0.9588288508,0.2085601685,0.0885601685,height,color,0.0415422083,0.2085601685,height,Which rocket has the best fuel?,1575575768952,1575575774303
4,0.9240818832,0.8238219792,0.673834835,0.883834835,color,color,0.8238219792,0.883834835,color,Which rocket has the best fuel?,1575575775806,1575575777666
4,0.682335212,0.1967484474,0.6910364955,0.6010364955,color,color,0.682335212,0.6910364955,color,Which rocket has the best fuel?,1575575779169,1575575780957
4,0.2187177266,0.307372542,0.5709346749,0.8409346749,color,height,0.307372542,0.8409346749,height,Which rocket has the best fuel?,1575575782460,1575575784234
4,0.2410945425,0.9144461443,0.2295267537,0.4995267537,color,color,0.9144461443,0.4995267537,color,Which rocket has the best fuel?,1575575785737,1575575787719
4,0.5910991146,0.5836190786,0.9954538252,0.6954538252,height,color,0.5910991146,0.9954538252,height,Which rocket has the best fuel?,1575575789222,1575575792022
4,0.8743768956,0.4023839279,0.3429142854,0.5229142854,height,height,0.4023839279,0.5229142854,height,Which rocket has the best fuel?,1575575793525,1575575795678
4,0.998368693,0.3542163847,0.0622492593,0.0022492593,height,height,0.998368693,0.0622492593,height,Which rocket has the best fuel?,1575575797180,1575575799974
4,0.157474127,0.0592201206,0.9414623491,0.8814623491,color,color,0.157474127,0.9414623491,color,Which rocket has the best fuel?,1575575801475,1575575802939
4,0.5177527005,0.642045486,0.2062663666,0.0562663666,height,height,0.5177527005,0.2062663666,height,Which rocket has the best fuel?,1575575804443,1575575806180
4,0.5424238274,0.4302202597,0.522907716,0.732907716,color,height,0.4302202597,0.732907716,height,Which rocket has the best fuel?,1575575807683,1575575810556
4,0.222520117,0.9333002114,0.3868702857,0.5668702857,height,color,0.9333002114,0.5668702857,color,Which rocket has the best fuel?,1575575812059,1575575813841
4,0.65869839,0.2119750738,0.9454344227,0.9154344227,height,height,0.65869839,0.9454344227,height,Which rocket has the best fuel?,1575575815344,1575575818189
4,0.1382707251,0.425049312,0.4123981113,0.6523981113,height,height,0.425049312,0.6523981113,height,Which rocket has the best fuel?,1575575819693,1575575821608
4,0.5498708431,0.4513005358,0.7131262301,0.8331262301,color,color,0.4513005358,0.8331262301,color,Which rocket has the best fuel?,1575575823111,1575575824271
4,0.9034805646,0.7666463268,0.2086894374,0.1786894374,color,color,0.9034805646,0.2086894374,color,Which rocket has the best fuel?,1575575825774,1575575829289
4,0.7524275913,0.4907406996,0.1608417757,0.4608417757,height,height,0.4907406996,0.4608417757,height,Which rocket has the best fuel?,1575575830793,1575575832415
4,0.880510822,0.9531385225,0.6894361322,0.6594361322,color,height,0.880510822,0.6894361322,color,Which rocket has the best fuel?,1575575833918,1575575836635
4,0.6056603889,0.9623692608,0.0770239352,0.3170239352,height,color,0.6056603889,0.0770239352,height,Which rocket has the best fuel?,1575575838138,1575575839390
4,0.9733815114,0.1165360279,0.8103677511,0.9903677511,color,color,0.1165360279,0.9903677511,color,Which rocket has the best fuel?,1575575840894,1575575842583
4,0.28833847,0.2736548897,0.5566618872,0.7966618872,color,color,0.2736548897,0.7966618872,color,Which rocket has the best fuel?,1575575844086,1575575846573
4,0.5269372387,0.2133698357,0.5461392765,0.4561392765,color,height,0.5269372387,0.5461392765,color,Which rocket has the best fuel?,1575575848076,1575575852442
4,0.9811427793,0.9161046448,0.1250377472,0.0650377472,color,height,0.9811427793,0.1250377472,color,Which rocket has the best fuel?,1575575853945,1575575856754
4,0.511473462,0.8766924561,0.6722219929,0.8822219929,height,height,0.8766924561,0.8822219929,height,Which rocket has the best fuel?,1575575858257,1575575859938
4,0.3344999459,0.2491947425,0.695028979,0.845028979,height,color,0.2491947425,0.845028979,color,Which rocket has the best fuel?,1575575861441,1575575863385
4,0.5438909126,0.97138905,0.2171529287,0.0971529287,height,height,0.5438909126,0.2171529287,height,Which rocket has the best fuel?,1575575864886,1575575866928
4,0.9611684766,0.0793704117,0.3665220104,0.0965220104,height,height,0.9611684766,0.3665220104,height,Which rocket has the best fuel?,1575575868431,1575575869655
4,0.346140384,0.9753268654,0.3677725588,0.0677725588,color,color,0.346140384,0.3677725588,color,Which rocket has the best fuel?,1575575871158,1575575873140
4,0.3769464399,0.4105038583,0.4049221402,0.4949221402,height,height,0.4105038583,0.4949221402,height,Which rocket has the best fuel?,1575575874643,1575575877816
4,0.2365791112,0.8625033188,0.9734558595,0.8633179779,color,height,0.8625033188,0.8633179779,height,Which rocket has the best distance?,1575575880965,1575575883540
4,0.465398523,0.4675792772,0.4411501487,0.2633096299,height,height,0.465398523,0.4411501487,height,Which rocket has the best distance?,1575575885043,1575575886961
4,0.2635181907,0.4779756933,0.8425144523,0.5025656319,height,color,0.2635181907,0.8425144523,height,Which rocket has the best distance?,1575575888464,1575575890267
4,0.9271048977,0.1807018677,0.3005510211,0.8187548764,color,color,0.1807018677,0.8187548764,color,Which rocket has the best distance?,1575575891770,1575575895549
4,0.5261122759,0.3664556434,0.4959909419,0.7126386952,height,height,0.3664556434,0.7126386952,height,Which rocket has the best distance?,1575575897053,1575575898149
4,0.3938394575,0.1199777202,0.6585771861,0.4225323286,height,height,0.3938394575,0.6585771861,height,Which rocket has the best distance?,1575575899652,1575575901355
4,0.3844203784,0.5233213363,0.165956618,0.4210963416,color,color,0.5233213363,0.4210963416,color,Which rocket has the best distance?,1575575902858,1575575904667
4,0.4614846381,0.4996156963,0.70297846,0.4673712796,color,height,0.4614846381,0.70297846,color,Which rocket has the best distance?,1575575906170,1575575907853
4,0.2946681083,0.5706327225,0.5985190201,0.482739135,color,color,0.2946681083,0.5985190201,color,Which rocket has the best distance?,1575575909355,1575575910837
4,0.742682471,0.7751296547,0.1626988561,0.6674491453,height,height,0.7751296547,0.6674491453,height,Which rocket has the best distance?,1575575912340,1575575913806
4,0.7885518733,0.8393375082,0.7000493829,0.2929259763,color,height,0.7885518733,0.7000493829,color,Which rocket has the best distance?,1575575915309,1575575916814
4,0.1244287466,0.4623304431,0.5747193307,0.7878903573,color,height,0.4623304431,0.7878903573,height,Which rocket has the best distance?,1575575918316,1575575921161
4,0.2665021872,0.5696377014,0.7065337569,0.6121759093,color,color,0.2665021872,0.7065337569,color,Which rocket has the best distance?,1575575922663,1575575924173
4,0.9224149693,0.7660197253,0.3962219783,0.1019045801,height,color,0.9224149693,0.3962219783,height,Which rocket has the best distance?,1575575925676,1575575928493
4,0.841463605,0.8183794893,0.3237017481,0.568535535,height,height,0.8183794893,0.568535535,height,Which rocket has the best distance?,1575575929996,1575575931377
4,0.6853932654,0.28782492,0.5437816467,0.8163583142,height,color,0.28782492,0.8163583142,color,Which rocket has the best distance?,1575575932881,1575575934327
4,0.5785899689,0.91518216,0.0596524057,0.2529247662,color,color,0.91518216,0.2529247662,color,Which rocket has the best distance?,1575575935830,1575575938033
4,0.9426522734,0.1566559716,0.880811078,0.312840134,height,color,0.9426522734,0.880811078,height,Which rocket has the best distance?,1575575939536,1575575941375
4,0.023562397,0.9946834004,0.3082419203,0.0750030336,height,color,0.9946834004,0.0750030336,color,Which rocket has the best distance?,1575575942877,1575575945123
4,0.8395857092,0.8755314289,0.3260758246,0.9610233888,height,height,0.8755314289,0.9610233888,height,Which rocket has the best distance?,1575575946627,1575575947714
4,0.6580509029,0.8069019635,0.0170652131,0.1366197536,color,color,0.8069019635,0.1366197536,color,Which rocket has the best distance?,1575575949217,1575575950713
4,0.6920071966,0.4519436106,0.8499793226,0.9471929171,color,color,0.4519436106,0.9471929171,color,Which rocket has the best distance?,1575575952216,1575575953720
4,0.6828258439,0.7836717542,0.1894045899,0.1380596933,color,color,0.7836717542,0.1380596933,color,Which rocket has the best distance?,1575575955223,1575575956876
4,0.1116183972,0.6390718165,0.9368307758,0.3000924287,height,color,0.1116183972,0.9368307758,height,Which rocket has the best distance?,1575575958379,1575575961018
4,0.2837476022,0.6704558261,0.4565654717,0.969593378,color,color,0.6704558261,0.969593378,color,Which rocket has the best distance?,1575575962522,1575575964268
4,0.8132909886,0.422223137,0.9650663583,0.7684908477,height,height,0.8132909886,0.9650663583,height,Which rocket has the best distance?,1575575965771,1575575967415
4,0.4025223107,0.3762439059,0.9039456567,0.2645811128,color,color,0.4025223107,0.9039456567,color,Which rocket has the best distance?,1575575968919,1575575970293
4,0.3088243698,0.4323507707,0.7094241103,0.1223503226,height,height,0.3088243698,0.7094241103,height,Which rocket has the best distance?,1575575971796,1575575974349
4,0.9118551824,0.8705498618,0.6046477064,0.8216205318,height,height,0.8705498618,0.8216205318,height,Which rocket has the best distance?,1575575975850,1575575979574
4,0.7360167326,0.4363978277,0.2603348764,0.6140337456,height,height,0.4363978277,0.6140337456,height,Which rocket has the best distance?,1575575981077,1575575983687
